Id	Description
A5HYI9	A5HYI9
A5HYE1	A5HYE1
A5I013	A5I013
A5HY91	A5HY91
A5HY46	A5HY46
A5HYQ3	A5HYQ3
A5HXW9	A5HXW9
A5HYU4	A5HYU4
A5HY43	A5HY43
A5I3S8	A5I3S8
A5I766	A5I766
A5I7S3	A5I7S3
A5HYI2	A5HYI2
A5HY48	A5HY48
A5HY47	A5HY47
A5HYD9	A5HYD9
A5HZF9	A5HZF9
A5HYH1	A5HYH1
A5HYL3	A5HYL3
A5HYP7	A5HYP7
A5HYL2	A5HYL2
A5HYT8	A5HYT8
A5HYC4	A5HYC4
A5HYG6	A5HYG6
A5I675	A5I675
A5HY71	A5HY71
A5I076	A5I076
A5I1V4	A5I1V4
A5I7Q0	A5I7Q0
A5I6G4	A5I6G4
A5HYS9	A5HYS9
A5HYF8	A5HYF8
A5HYJ7	A5HYJ7
A5HZ81	A5HZ81
A5HYW0	A5HYW0
A5I6W1	A5I6W1
A5HYR4	A5HYR4
A5HYV8	A5HYV8
A5HYN0	A5HYN0
A5HYR3	A5HYR3
A5HY99	A5HY99
A5I657	A5I657
A5HY97	A5HY97
A5HYR0	A5HYR0
A5I7X8	A5I7X8
A5I1T9	A5I1T9
A5I1T8	A5I1T8
A5HYN4	A5HYN4
A5HYR6	A5HYR6
A5HYR5	A5HYR5
